{"cameraMode":{"drawMode":0,"name":"Shaded","section":"Shading Mode"},"sceneLighting":false,"audioPlay":false,"sceneViewState":{"m_AlwaysRefresh":false,"showFog":true,"showSkybox":false,"showFlares":true,"showImageEffects":true,"showParticleSystems":true,"showVisualEffectGraphs":true,"m_FxEnabled":true},"in2DMode":false,"pivot":{"x":0.000017642974853515625,"y":1.4528651237487794,"z":-0.01205366849899292},"rotation":{"x":-0.06634590029716492,"y":-0.9336258172988892,"z":0.24486954510211945,"w":-0.2529711127281189},"size":1.7940423488616944,"orthographic":false}